numero,fecha,titulo,tipo,motivo,enlace
Decreto Supremo N.° 007-2025-PCM,10 de enero de 2025,"Decreto supremo que declara el estado de emergencia en varios distritos de algunas provincias de los departamentos de Amazonas, Áncash, Apurímac, Arequipa, Ayacucho, Cajamarca, Cusco, Huancavelica, Huánuco, Ica, Junín, La Libertad, Lima, Loreto, Moquegua, Pasco, Puno, San Martín, Tacna y la provincia constitucional del Callao, por peligro inminente ante intensas precipitaciones pluviales",declara,peligro inminente,https://www.gob.pe/institucion/pcm/normas-legales/6410247-007-2025-pcm
Decreto Supremo N.° 024-2025-PCM,26 de febrero de 2025,"Decreto Supremo que declara el Estado de Emergencia en varios distritos de algunas provincias de los departamentos de Amazonas, Áncash, Apurímac, Arequipa, Ayacucho, Cajamarca, Cusco, Huancavelica, Huánuco, Ica, La Libertad, Lambayeque, Lima, Moquegua, Pasco, Piura, Puno, San Martín, Tacna, Tumbes y Ucayali, por impacto de daños a consecuencia de intensas precipitaciones pluviales.",declara,impacto de daños,https://www.gob.pe/institucion/pcm/normas-legales/6539143-024-2025-pcm
Decreto Supremo N.° 021-2025-PCM,19 de febrero de 2025,"Decreto Supremo que declara el Estado de Emergencia en varios distritos de algunas provincias de los departamentos de Amazonas, Áncash, Apurímac, Arequipa, Ayacucho, Cajamarca, Cusco, Huancavelica, Huánuco, Ica, Junín, La Libertad, Lima, Loreto, Madre de Dios, Piura, Puno, San Martín, Tacna y Ucayali, por impacto de daños a consecuencia de intensas precipitaciones pluviales",declara,impacto de daños,https://www.gob.pe/institucion/pcm/normas-legales/6539250-021-2025-pcm
Decreto Supremo N.° 034-2025-PCM,12 de marzo de 2025,"Decreto Supremo que declara el Estado de Emergencia en varios distritos de algunas provincias de los departamentos de Amazonas, Áncash, Apurímac, Arequipa, Ayacucho, Cajamarca, Cusco, Huancavelica, Huánuco, Ica, Junín, La Libertad, Lambayeque, Lima, Loreto, Moquegua, Pasco, Piura, San Martín, Tacna y Ucayali, por impacto de daños a consecuencia de intensas precipitaciones pluviales",declara,impacto de daños,https://www.gob.pe/institucion/pcm/normas-legales/6608812-034-2025-pcm
Decreto Supremo N.° 033-2025-PCM,12 de marzo de 2025,"Decreto Supremo que declara el Estado de Emergencia en varios distritos de algunas provincias de los departamentos de Amazonas, Áncash, Apurímac, Arequipa, Ayacucho, Cajamarca, Cusco, Huancavelica, Huánuco, Ica, Junín, La Libertad, Lambayeque, Lima, Loreto, Moquegua, Pasco, Piura, Puno, San Martín, Tacna y de la Provincia Constitucional del Callao, por peligro inminente ante intensas precipitaciones pluviales",declara,peligro inminente,https://www.gob.pe/institucion/pcm/normas-legales/6608811-033-2025-pcm
Decreto Supremo N.° 026-2025-PCM,5 de marzo de 2025,"Decreto Supremo que declara el Estado de Emergencia en varios distritos de algunas provincias de los departamentos de Amazonas, Áncash, Apurímac, Arequipa, Ayacucho, Cusco, Huancavelica, Huánuco, Ica, Junín, La Libertad, Lima, Moquegua, Pasco, Piura, Tacna, Tumbes y Ucayali, por impacto de daños a consecuencia de intensas precipitaciones pluviales",declara,impacto de daños,https://www.gob.pe/institucion/pcm/normas-legales/6595460-026-2025-pcm
Decreto Supremo N.° 057-2025-PCM,30 de abril de 2025,"Decreto Supremo que declara el Estado de Emergencia en varios distritos de algunas provincias del departamento de Loreto, por impacto de daños a consecuencia de intensas precipitaciones pluviales",declara,impacto de daños,https://www.gob.pe/institucion/pcm/normas-legales/6747737-057-2025-pcm
Decreto Supremo N.° 056-2025-PCM,30 de abril de 2025,"Decreto Supremo que prorroga el Estado de Emergencia en varios distritos de algunas provincias de los departamentos de Áncash, Cusco, Huánuco, La Libertad, Pasco, Piura y Tumbes, por impacto de daños a consecuencia de intensas precipitaciones pluviales",prorroga,impacto de daños,https://www.gob.pe/institucion/pcm/normas-legales/6747728-056-2025-pcm
Decreto Supremo N.° 053-2025-PCM,24 de abril de 2025,"Decreto Supremo que prorroga el Estado de Emergencia en varios distritos de algunas provincias de los departamentos de Amazonas, Áncash, Cusco, Piura, Tumbes y Ucayali, por impacto de daños a consecuencia de intensas precipitaciones pluviales",prorroga,impacto de daños,https://www.gob.pe/institucion/pcm/normas-legales/6960768-053-2025-pcm
Decreto Supremo N.° 052-2025-PCM,23 de abril de 2025,"Decreto Supremo que declara el Estado de Emergencia en el distrito de Kosñipata de la provincia de Paucartambo del departamento de Cusco y en los distritos de Manu y Fitzcarrald de la provincia de Manu del departamento de Madre de Dios, por impacto de daños a consecuencia de intensas precipitaciones pluviales",declara,impacto de daños,https://www.gob.pe/institucion/pcm/normas-legales/6960760-052-2025-pcm
Decreto Supremo N.° 038-2025-PCM,21 de abril de 2025,"Decreto Supremo que declara el Estado de Emergencia en varios distritos de algunas provincias de los departamentos de Amazonas, Áncash, Apurímac, Arequipa, Ayacucho, Cajamarca, Cusco, Huancavelica, Huánuco, Junín, Lima, Loreto, Madre de Dios, Pasco, Puno, San Martín y Ucayali, por impacto de daños a consecuencia de intensas precipitaciones pluviales",declara,impacto de daños,https://www.gob.pe/institucion/pcm/normas-legales/6718597-038-2025-pcm
Decreto Supremo N.° 050-2025-PCM,16 de abril de 2025,"Decreto Supremo que prorroga el Estado de Emergencia en varios distritos de algunas provincias de los departamentos de Amazonas, Áncash, Apurímac, Arequipa, Ayacucho, Cajamarca, Cusco, Huancavelica, Huánuco, Ica, Junín, La Libertad, Lima, Loreto, Madre de Dios, Piura, Puno, San Martín, Tacna y Ucayali, por impacto de daños a consecuencia de intensas precipitaciones pluviales",prorroga,impacto de daños,https://www.gob.pe/institucion/pcm/normas-legales/6725196-050-2025-pcm
Decreto Supremo N.° 063-2025-PCM,8 de abril de 2025,"Decreto Supremo que prorroga el Estado de Emergencia en varios distritos de algunas provincias de los departamentos de Amazonas, Ayacucho, Cusco, Huánuco, Ica, La Libertad, Lambayeque, Pasco y Ucayali, por impacto de daños a consecuencia de intensas precipitaciones pluviales",prorroga,impacto de daños,https://www.gob.pe/institucion/pcm/normas-legales/6961080-063-2025-pcm
Decreto Supremo N.° 043-2025-PCM,3 de abril de 2025,"Decreto Supremo que declara el Estado de Emergencia en varios distritos de algunas provincias de los departamentos de Amazonas, Áncash, Arequipa, Ayacucho, Cajamarca, Cusco, Huancavelica, Huánuco, Junín, Lima, Loreto, Puno, San Martín y Ucayali, por impacto de daños a consecuencia de intensas precipitaciones pluviales",declara,impacto de daños,https://www.gob.pe/institucion/pcm/normas-legales/6717897-043-2025-pcm
Decreto Supremo N.° 072-2025-PCM,28 de mayo de 2025,"Decreto Supremo que prorroga el Estado de Emergencia en varios distritos de algunas provincias de los departamentos de Áncash, Ayacucho, Cusco, Lima y Ucayali, por impacto de daños a consecuencia de intensas precipitaciones pluviales",prorroga,impacto de daños,https://www.gob.pe/institucion/pcm/normas-legales/6961443-072-2025-pcm
Decreto Supremo N.° 067-2025-PCM,21 de mayo de 2025,"Decreto Supremo que declara el Estado de Emergencia en varios distritos de algunas provincias del departamento de Loreto, por impacto de daños a consecuencia de intensas precipitaciones pluviales",declara,impacto de daños,https://www.gob.pe/institucion/pcm/normas-legales/6961380-067-2025-pcm
Decreto Supremo N.° 066-2025-PCM,21 de mayo de 2025,"Decreto Supremo que prorroga el Estado de Emergencia en varios distritos de algunas provincias de los departamentos de Amazonas, Áncash, Apurímac, Arequipa, Ayacucho, Cajamarca, Cusco, Huancavelica, Huánuco, Ica, Junín, La Libertad, Lima, Loreto, Madre de Dios, Piura, Puno, San Martín, Tacna y Ucayali, por impacto de daños a consecuencia de intensas precipitaciones pluviales",prorroga,impacto de daños,https://www.gob.pe/institucion/pcm/normas-legales/6961370-066-2025-pcm
Decreto Supremo N.° 065-2025-PCM,16 de mayo de 2025,"Decreto Supremo que prorroga el Estado de Emergencia en varios distritos de algunas provincias de los departamentos de Áncash, Huánuco, Madre de Dios y Puno, por impacto de daños a consecuencia de intensas precipitaciones pluviales",prorroga,impacto de daños,https://www.gob.pe/institucion/pcm/normas-legales/6961356-065-2025-pcm
