departamento,capital,latitud,longitud,lluvia_total_mm,dias_lluvia_fuerte
Amazonas,Chachapoyas,-6.23169,-77.86903,427.9,0
Áncash,Huaraz,-9.52614,-77.52869,1415.9,11
Apurímac,Abancay,-13.63426,-72.8838,820.0,3
Arequipa,Arequipa,-16.39899,-71.53747,439.4,3
Ayacucho,Ayacucho,-13.1638,-74.22345,500.8,1
Cajamarca,Cajamarca,-7.16378,-78.50027,875.7,2
Cusco,Cusco,-13.53188,-71.96701,801.3,4
Huancavelica,Huancavelica,-12.78691,-74.97298,930.4,4
Huánuco,Huánuco,-9.92882,-76.23989,617.0,4
Ica,Ica,-14.07538,-75.73422,124.3,2
Junín,Huancayo,-12.06866,-75.21027,1349.1,15
La Libertad,Trujillo,-8.11599,-79.02998,143.8,1
Lambayeque,Chiclayo,-6.77008,-79.85495,128.1,0
Lima,Lima,-12.04318,-77.02824,54.0,0
Loreto,Iquitos,-3.74814,-73.2529,2019.9,28
Madre de Dios,Puerto Maldonado,-12.58946,-69.19948,1751.3,30
Moquegua,Moquegua,-17.19747,-70.93587,97.5,0
Pasco,Cerro de Pasco,-10.66577,-76.25309,874.2,1
Piura,Piura,-5.18192,-80.65715,241.6,1
Puno,Puno,-15.84003,-70.02198,1074.4,6
San Martín,Moyobamba,-6.03441,-76.97423,943.3,12
Tacna,Tacna,-18.01465,-70.25362,17.4,0
Tumbes,Tumbes,-3.55592,-80.44258,699.1,7
Ucayali,Pucallpa,-8.37915,-74.55387,1309.0,21
Callao,Callao,-12.05162,-77.13452,54.0,0
